Workbook
Name fleet_telemetry_sample: '01_Raw_Data'!$A$1:$I$5001
Name Slicer_route_status: #N/A
Name Slicer_vessel_type: #N/A

Sheet 01_Raw_Data
A1: telemetry_id | B1: vessel_name | C1: vessel_type | D1: speed_knots | E1: beaufort_scale | F1: cargo_weight_tons | G1: route_status | H1: timestamp | I1: fuel_consumption_mt
A2: TEL-10000 | B2: MV Fleet_07 | C2: LNG Carrier | D2: 9.25 | E2: 3.0 | F2: 7736 | G2: Underway | H2: 2026-05-24 16:26:43.203853 | I2: 7.6
A3: TEL-10001 | B3: MV Fleet_20 | C3: Bulk Carrier | D3: 19.31 | E3: 3.0 | F3: 38724 | G3: Underway | H3: 2026-05-24 16:41:43.203853 | I3: 10.68
A4: TEL-10002 | B4: MV Fleet_15 | C4: LNG Carrier | D4: 22.72 | E4: 9.0 | F4: 16440 | G4: Underway | H4: 2026-05-24 16:56:43.203853 | I4: 22.6
A5: TEL-10003 | B5: MV Fleet_11 | C5: Bulk Carrier | D5: 12.33 | E5: 2.0 | F5: 10180 | G5: Underway | H5: 2026-05-24 17:11:43.203853 | I5: 3.75
A6: TEL-10004 | B6: MV Fleet_08 | C6: Bulk Carrier | D6: 13.93 | E6: 4.0 | F6: 35284 | G6: Anchored | H6: 2026-05-24 17:26:43.203853 | I6: 10.79
A7: TEL-10005 | B7: MV Fleet_07 | C7: LNG Carrier | D7: 17.1 | E7: 6.0 | F7: 46375 | G7: Underway | H7: 2026-05-24 17:41:43.203853 | I7: 14.0
A8: TEL-10006 | B8: MV Fleet_19 | C8: Bulk Carrier | D8: 22.11 | E8: 3.0 | F8: 16646 | G8: Underway | H8: 2026-05-24 17:56:43.203853 | I8: 13.87
A9: TEL-10007 | B9: MV Fleet_11 | C9: LNG Carrier | D9: 23.07 | E9: 7.0 | F9: 24029 | G9: Underway | H9: 2026-05-24 18:11:43.203853 | I9: 18.42
A10: TEL-10008 | B10: MV Fleet_11 | C10: Container | D10: 19.83 | E10: 7.0 | F10: 25158 | G10: Underway | H10: 2026-05-24 18:26:43.203853 | I10: 19.53
A11: TEL-10009 | B11: MV Fleet_04 | C11: LNG Carrier | D11: 9.39 | E11: 5.0 | F11: 19342 | G11: Underway | H11: 2026-05-24 18:41:43.203853 | I11: 10.1
A12: TEL-10010 | B12: MV Fleet_08 | C12: Container | D12: 18.71 | E12: 3.0 | F12: 42781 | G12: Moored | H12: 2026-05-24 18:56:43.203853 | I12: 8.96
A13: TEL-10011 | B13: MV Fleet_03 | C13: Bulk Carrier | D13: 14.56 | E13: 2.0 | F13: 5084 | G13: Underway | H13: 2026-05-24 19:11:43.203853 | I13: 8.49
... A30: TEL-10028 | B30: MV Fleet_05 | C30: LNG Carrier | D30: 13.86 | E30: 8.0 | F30: 39630 | G30: Moored | H30: 2026-05-24 23:26:43.203853 | I30: 16.96
A31: TEL-10029 | B31: MV Fleet_19 | C31: Bulk Carrier | D31: 20.91 | F31: 41994 | G31: Underway | H31: 2026-05-24 23:41:43.203853 | I31: 18.3
A32: TEL-10030 | B32: MV Fleet_07 | C32: Tanker | D32: 16.37 | E32: 2.0 | F32: 31339 | G32: Anchored | H32: 2026-05-24 23:56:43.203853 | I32: 7.39
A33: TEL-10031 | B33: MV Fleet_09 | C33: Tanker | D33: 9.87 | E33: 4.0 | F33: 35384 | G33: Underway | H33: 2026-05-25 00:11:43.203853 | I33: 8.27
A34: TEL-10032 | B34: MV Fleet_07 | C34: Container | D34: 10.07 | E34: 9.0 | F34: 46782 | G34: Underway | H34: 2026-05-25 00:26:43.203853 | I34: 14.15
A35: TEL-10033 | B35: MV Fleet_18 | C35: LNG Carrier | D35: 16.59 | E35: 5.0 | F35: 37643 | G35: Underway | H35: 2026-05-25 00:41:43.203853 | I35: 13.63
A36: TEL-10034 | B36: MV Fleet_04 | C36: Bulk Carrier | D36: 22.99 | E36: 3.0 | F36: 21926 | G36: Underway | H36: 2026-05-25 00:56:43.203853 | I36: 13.65
A37: TEL-10035 | B37: MV Fleet_14 | C37: LNG Carrier | D37: 12.93 | E37: 6.0 | F37: 43977 | G37: Moored | H37: 2026-05-25 01:11:43.203853 | I37: 13.6
A38: TEL-10036 | B38: MV Fleet_18 | C38: Bulk Carrier | D38: 21.91 | E38: 3.0 | F38: 28652 | G38: Underway | H38: 2026-05-25 01:26:43.203853 | I38: 15.35
A39: TEL-10037 | B39: MV Fleet_09 | C39: Container | D39: 20.23 | E39: 5.0 | F39: 15270 | G39: Underway | H39: 2026-05-25 01:41:43.203853 | I39: 14.64
A40: TEL-10038 | B40: MV Fleet_02 | C40: Bulk Carrier | D40: 11.96 | E40: 3.0 | F40: 22268 | G40: Underway | H40: 2026-05-25 01:56:43.203853 | I40: 6.79
A41: TEL-10039 | B41: MV Fleet_20 | C41: LNG Carrier | D41: 8.58 | E41: 6.0 | F41: 41417 | G41: Underway | H41: 2026-05-25 02:11:43.203853 | I41: 11.95
A42: TEL-10040 | B42: MV Fleet_15 | C42: LNG Carrier | D42: 9.63 | E42: 5.0 | F42: 25317 | G42: Underway | H42: 2026-05-25 02:26:43.203853 | I42: 8.5
A43: TEL-10041 | B43: MV Fleet_07 | C43: Container | D43: 19.66 | E43: 9.0 | F43: 41434 | G43: Underway | H43: 2026-05-25 02:41:43.203853 | I43: 20.52
... A66: TEL-10064 | B66: MV Fleet_08 | C66: Bulk Carrier | D66: 9.37 | E66: 1.0 | F66: 10493 | G66: Anchored | H66: 2026-05-25 08:26:43.203853 | I66: 3.52
A67: TEL-10065 | B67: MV Fleet_14 | C67: Bulk Carrier | D67: 15.2 | F67: 41645 | G67: Underway | H67: 2026-05-25 08:41:43.203853 | I67: 18.59
A68: TEL-10066 | B68: MV Fleet_08 | C68: Container | D68: 20.1 | E68: 6.0 | F68: 7282 | G68: Underway | H68: 2026-05-25 08:56:43.203853 | I68: 15.85
A69: TEL-10067 | B69: MV Fleet_16 | C69: Tanker | D69: 20.71 | E69: 1.0 | F69: 28170 | G69: Moored | H69: 2026-05-25 09:11:43.203853 | I69: 9.33
A70: TEL-10068 | B70: MV Fleet_13 | C70: LNG Carrier | D70: 15.91 | E70: 1.0 | F70: 49143 | G70: Underway | H70: 2026-05-25 09:26:43.203853 | I70: 8.6
A71: TEL-10069 | B71: MV Fleet_18 | C71: Container | D71: 22.32 | E71: 8.0 | F71: 6431 | G71: Underway | H71: 2026-05-25 09:41:43.203853 | I71: 17.08
A72: TEL-10070 | B72: MV Fleet_15 | C72: LNG Carrier | D72: 12.28 | E72: 6.0 | F72: 39543 | G72: Anchored | H72: 2026-05-25 09:56:43.203853 | I72: 11.08
A73: TEL-10071 | B73: MV Fleet_13 | C73: LNG Carrier | D73: 14.57 | E73: 8.0 | F73: 25591 | G73: Underway | H73: 2026-05-25 10:11:43.203853 | I73: 17.24
A74: TEL-10072 | B74: MV Fleet_09 | C74: Container | D74: 22.38 | E74: 8.0 | F74: 16351 | G74: Moored | H74: 2026-05-25 10:26:43.203853 | I74: 19.82
A75: TEL-10073 | B75: MV Fleet_15 | C75: Tanker | D75: 22.34 | E75: 8.0 | F75: 37483 | G75: Moored | H75: 2026-05-25 10:41:43.203853 | I75: 20.75
A76: TEL-10074 | B76: MV Fleet_13 | C76: LNG Carrier | D76: 18.97 | E76: 7.0 | F76: 36195 | G76: Underway | H76: 2026-05-25 10:56:43.203853 | I76: 16.17
A77: TEL-10075 | B77: MV Fleet_01 | C77: Container | D77: 21.74 | E77: 7.0 | F77: 42153 | G77: Moored | H77: 2026-05-25 11:11:43.203853 | I77: 20.35
A78: TEL-10076 | B78: MV Fleet_07 | C78: Bulk Carrier | D78: 9.42 | E78: 4.0 | F78: 27735 | G78: Moored | H78: 2026-05-25 11:26:43.203853 | I78: 9.55
A79: TEL-10077 | B79: MV Fleet_09 | C79: Bulk Carrier | D79: 21.84 | E79: 9.0 | F79: 20203 | G79: Underway | H79: 2026-05-25 11:41:43.203853 | I79: 21.51
... A107: TEL-10105 | B107: MV Fleet_03 | C107: LNG Carrier | D107: 16.44 | E107: 7.0 | F107: 9476 | G107: Underway | H107: 2026-05-25 18:41:43.203853 | I107: 14.1
A108: TEL-10106 | B108: MV Fleet_05 | C108: Bulk Carrier | D108: 18.49 | F108: 48835 | G108: Anchored | H108: 2026-05-25 18:56:43.203853 | I108: 7.49
A109: TEL-10107 | B109: MV Fleet_15 | C109: Bulk Carrier | D109: 11.73 | E109: 3.0 | F109: 35232 | G109: Underway | H109: 2026-05-25 19:11:43.203853 | I109: 7.11
A110: TEL-10108 | B110: MV Fleet_14 | C110: Tanker | D110: 21.83 | E110: 2.0 | F110: 32482 | G110: Moored | H110: 2026-05-25 19:26:43.203853 | I110: 9.45
A111: TEL-10109 | B111: MV Fleet_03 | C111: Tanker | D111: 12.95 | E111: 8.0 | F111: 42257 | G111: Underway | H111: 2026-05-25 19:41:43.203853 | I111: 11.69
A112: TEL-10110 | B112: MV Fleet_01 | C112: LNG Carrier | D112: 19.11 | E112: 9.0 | F112: 25875 | G112: Underway | H112: 2026-05-25 19:56:43.203853 | I112: 17.99
A113: TEL-10111 | B113: MV Fleet_05 | C113: Container | D113: 8.26 | E113: 2.0 | F113: 21219 | G113: Underway | H113: 2026-05-25 20:11:43.203853 | I113: 3.28
A114: TEL-10112 | B114: MV Fleet_14 | C114: Tanker | D114: 13.96 | E114: 2.0 | F114: 35448 | G114: Anchored | H114: 2026-05-25 20:26:43.203853 | I114: 6.75
A115: TEL-10113 | B115: MV Fleet_07 | C115: LNG Carrier | D115: 13.63 | E115: 9.0 | F115: 19367 | G115: Underway | H115: 2026-05-25 20:41:43.203853 | I115: 17.26
A116: TEL-10114 | B116: MV Fleet_09 | C116: Tanker | D116: 16.7 | E116: 4.0 | F116: 30120 | G116: Underway | H116: 2026-05-25 20:56:43.203853 | I116: 12.66
A117: TEL-10115 | B117: MV Fleet_15 | C117: Container | D117: 9.16 | E117: 5.0 | F117: 11855 | G117: Underway | H117: 2026-05-25 21:11:43.203853 | I117: 7.68
A118: TEL-10116 | B118: MV Fleet_15 | C118: LNG Carrier | D118: 20.64 | E118: 9.0 | F118: 8097 | G118: Underway | H118: 2026-05-25 21:26:43.203853 | I118: 19.14
A119: TEL-10117 | B119: MV Fleet_10 | C119: Container | D119: 11.48 | E119: 6.0 | F119: 49585 | G119: Underway | H119: 2026-05-25 21:41:43.203853 | I119: 10.57
A120: TEL-10118 | B120: MV Fleet_13 | C120: LNG Carrier | D120: 18.83 | E120: 9.0 | F120: 24889 | G120: Underway | H120: 2026-05-25 21:56:43.203853 | I120: 19.09
... A229: TEL-10227 | B229: MV Fleet_09 | C229: LNG Carrier | D229: 9.77 | E229: 5.0 | F229: 32429 | G229: Underway | H229: 2026-05-27 01:11:43.203853 | I229: 7.18
A230: TEL-10228 | B230: MV Fleet_09 | C230: LNG Carrier | D230: 11.51 | F230: 23073 | G230: Underway | H230: 2026-05-27 01:26:43.203853 | I230: 13.6
A231: TEL-10229 | B231: MV Fleet_03 | C231: LNG Carrier | D231: 15.43 | E231: 7.0 | F231: 9671 | G231: Underway | H231: 2026-05-27 01:41:43.203853 | I231: 13.22
A232: TEL-10230 | B232: MV Fleet_19 | C232: Container | D232: 14.93 | E232: 9.0 | F232: 35365 | G232: Moored | H232: 2026-05-27 01:56:43.203853 | I232: 17.09
A233: TEL-10231 | B233: MV Fleet_16 | C233: LNG Carrier | D233: 20.8 | E233: 1.0 | F233: 13917 | G233: Underway | H233: 2026-05-27 02:11:43.203853 | I233: 8.55
A234: TEL-10232 | B234: MV Fleet_16 | C234: Container | D234: 19.83 | E234: 4.0 | F234: 46121 | G234: Anchored | H234: 2026-05-27 02:26:43.203853 | I234: 12.27
A235: TEL-10233 | B235: MV Fleet_03 | C235: Tanker | D235: 14.82 | E235: 9.0 | F235: 12784 | G235: Underway | H235: 2026-05-27 02:41:43.203853 | I235: 15.3
A236: TEL-10234 | B236: MV Fleet_20 | C236: LNG Carrier | D236: 13.34 | E236: 5.0 | F236: 38426 | G236: Underway | H236: 2026-05-27 02:56:43.203853 | I236: 12.07
A237: TEL-10235 | B237: MV Fleet_01 | C237: Tanker | D237: 13.06 | E237: 8.0 | F237: 40665 | G237: Underway | H237: 2026-05-27 03:11:43.203853 | I237: 10.93
A238: TEL-10236 | B238: MV Fleet_20 | C238: Bulk Carrier | D238: 20.38 | E238: 1.0 | F238: 17291 | G238: Underway | H238: 2026-05-27 03:26:43.203853 | I238: 9.69
A239: TEL-10237 | B239: MV Fleet_11 | C239: Tanker | D239: 8.83 | E239: 4.0 | F239: 23926 | G239: Underway | H239: 2026-05-27 03:41:43.203853 | I239: 9.36
A240: TEL-10238 | B240: MV Fleet_17 | C240: Bulk Carrier | D240: 8.21 | E240: 9.0 | F240: 31154 | G240: Underway | H240: 2026-05-27 03:56:43.203853 | I240: 16.29
A241: TEL-10239 | B241: MV Fleet_08 | C241: Tanker | D241: 20.73 | E241: 1.0 | F241: 30650 | G241: Underway | H241: 2026-05-27 04:11:43.203853 | I241: 7.97
A242: TEL-10240 | B242: MV Fleet_04 | C242: Container | D242: 15.63 | E242: 1.0 | F242: 8205 | G242: Underway | H242: 2026-05-27 04:26:43.203853 | I242: 5.98
... A334: TEL-10332 | B334: MV Fleet_02 | C334: Bulk Carrier | D334: 11.7 | E334: 1.0 | F334: 33528 | G334: Underway | H334: 2026-05-28 03:26:43.203853 | I334: 4.27
A335: TEL-10333 | B335: MV Fleet_02 | C335: LNG Carrier | D335: 20.83 | F335: 23648 | G335: Underway | H335: 2026-05-28 03:41:43.203853 | I335: 8.26
A336: TEL-10334 | B336: MV Fleet_19 | C336: Tanker | D336: 21.62 | E336: 2.0 | F336: 23431 | G336: Underway | H336: 2026-05-28 03:56:43.203853 | I336: 12.56
A337: TEL-10335 | B337: MV Fleet_17 | C337: LNG Carrier | D337: 15.73 | E337: 1.0 | F337: 5535 | G337: Underway | H337: 2026-05-28 04:11:43.203853 | I337: 4.36
A338: TEL-10336 | B338: MV Fleet_20 | C338: Container | D338: 14.66 | E338: 4.0 | F338: 45652 | G338: Underway | H338: 2026-05-28 04:26:43.203853 | I338: 9.89
A339: TEL-10337 | B339: MV Fleet_10 | C339: Tanker | D339: 23.65 | E339: 9.0 | F339: 49493 | G339: Anchored | H339: 2026-05-28 04:41:43.203853 | I339: 23.32
A340: TEL-10338 | B340: MV Fleet_06 | C340: Bulk Carrier | D340: 11.21 | E340: 4.0 | F340: 11881 | G340: Underway | H340: 2026-05-28 04:56:43.203853 | I340: 10.1
A341: TEL-10339 | B341: MV Fleet_15 | C341: Bulk Carrier | D341: 11.45 | E341: 4.0 | F341: 24481 | G341: Underway | H341: 2026-05-28 05:11:43.203853 | I341: 7.52
A342: TEL-10340 | B342: MV Fleet_11 | C342: Tanker | D342: 12.67 | E342: 7.0 | F342: 47235 | G342: Anchored | H342: 2026-05-28 05:26:43.203853 | I342: 12.04
A343: TEL-10341 | B343: MV Fleet_05 | C343: LNG Carrier | D343: 10.76 | E343: 9.0 | F343: 40841 | G343: Moored | H343: 2026-05-28 05:41:43.203853 | I343: 13.91
A344: TEL-10342 | B344: MV Fleet_01 | C344: Bulk Carrier | D344: 14.07 | E344: 7.0 | F344: 6025 | G344: Underway | H344: 2026-05-28 05:56:43.203853 | I344: 13.57
A345: TEL-10343 | B345: MV Fleet_08 | C345: Container | D345: 22.57 | E345: 1.0 | F345: 35869 | G345: Underway | H345: 2026-05-28 06:11:43.203853 | I345: 9.88
A346: TEL-10344 | B346: MV Fleet_12 | C346: Tanker | D346: 17.85 | E346: 1.0 | F346: 39819 | G346: Underway | H346: 2026-05-28 06:26:43.203853 | I346: 6.16
A347: TEL-10345 | B347: MV Fleet_12 | C347: Container | D347: 14.59 | E347: 4.0 | F347: 35192 | G347: Underway | H347: 2026-05-28 06:41:43.203853 | I347: 10.86
... A394: TEL-10392 | B394: MV Fleet_07 | C394: Bulk Carrier | D394: 21.48 | E394: 8.0 | F394: 8807 | G394: Underway | H394: 2026-05-28 18:26:43.203853 | I394: 21.04
A395: TEL-10393 | B395: MV Fleet_04 | C395: Container | D395: 13.79 | F395: 31648 | G395: Underway | H395: 2026-05-28 18:41:43.203853 | I395: 16.81
A396: TEL-10394 | B396: MV Fleet_01 | C396: Bulk Carrier | D396: 18.57 | E396: 7.0 | F396: 36090 | G396: Underway | H396: 2026-05-28 18:56:43.203853 | I396: 14.75
A397: TEL-10395 | B397: MV Fleet_05 | C397: Container | D397: 15.53 | E397: 5.0 | F397: 30100 | G397: Underway | H397: 2026-05-28 19:11:43.203853 | I397: 11.7
A398: TEL-10396 | B398: MV Fleet_10 | C398: Container | D398: 11.18 | E398: 4.0 | F398: 35949 | G398: Underway | H398: 2026-05-28 19:26:43.203853 | I398: 12.09
A399: TEL-10397 | B399: MV Fleet_05 | C399: Bulk Carrier | D399: 17.63 | E399: 6.0 | F399: 40941 | G399: Anchored | H399: 2026-05-28 19:41:43.203853 | I399: 12.06
A400: TEL-10398 | B400: MV Fleet_04 | C400: Bulk Carrier | D400: 8.97 | E400: 1.0 | F400: 22857 | G400: Anchored | H400: 2026-05-28 19:56:43.203853 | I400: 2.89
A401: TEL-10399 | B401: MV Fleet_02 | C401: Container | D401: 14.61 | E401: 5.0 | F401: 32850 | G401: Underway | H401: 2026-05-28 20:11:43.203853 | I401: 12.45
A402: TEL-10400 | B402: MV Fleet_20 | C402: Tanker | D402: 16.75 | E402: 4.0 | F402: 47967 | G402: Underway | H402: 2026-05-28 20:26:43.203853 | I402: 10.46
A403: TEL-10401 | B403: MV Fleet_10 | C403: LNG Carrier | D403: 14.98 | E403: 4.0 | F403: 7412 | G403: Underway | H403: 2026-05-28 20:41:43.203853 | I403: 9.5
A404: TEL-10402 | B404: MV Fleet_19 | C404: Container | D404: 19.98 | E404: 7.0 | F404: 8182 | G404: Moored | H404: 2026-05-28 20:56:43.203853 | I404: 16.3
A405: TEL-10403 | B405: MV Fleet_01 | C405: Bulk Carrier | D405: 21.25 | E405: 9.0 | F405: 25948 | G405: Underway | H405: 2026-05-28 21:11:43.203853 | I405: 19.12
A406: TEL-10404 | B406: MV Fleet_05 | C406: Bulk Carrier | D406: 20.34 | E406: 8.0 | F406: 38782 | G406: Moored | H406: 2026-05-28 21:26:43.203853 | I406: 18.45
A407: TEL-10405 | B407: MV Fleet_13 | C407: Tanker | D407: 8.62 | E407: 8.0 | F407: 22253 | G407: Anchored | H407: 2026-05-28 21:41:43.203853 | I407: 15.1
... A487: TEL-10485 | B487: MV Fleet_03 | C487: LNG Carrier | D487: 22.57 | E487: 9.0 | F487: 37687 | G487: Underway | H487: 2026-05-29 17:41:43.203853 | I487: 23.33
A488: TEL-10486 | B488: MV Fleet_12 | C488: LNG Carrier | D488: 23.09 | F488: 15191 | G488: Underway | H488: 2026-05-29 17:56:43.203853 | I488: 8.04
A489: TEL-10487 | B489: MV Fleet_20 | C489: LNG Carrier | D489: 16.32 | E489: 9.0 | F489: 16767 | G489: Underway | H489: 2026-05-29 18:11:43.203853 | I489: 16.77
...

Sheet 02_Cleaned_Data
A1: telemetry_id | B1: vessel_name | C1: vessel_type | D1: speed_knots | E1: beaufort_scale | F1: cargo_weight_tons | G1: route_status | H1: timestamp | I1: fuel_consumption_mt
A2: TEL-10000 | B2: MV Fleet_07 | C2: LNG Carrier | D2: 9.25 | E2: 3 | F2: 7736 | G2: Underway | H2: 2026-05-24 16:26:43.203853 | I2: 7.6
A3: TEL-10001 | B3: MV Fleet_20 | C3: Bulk Carrier | D3: 19.31 | E3: 3 | F3: 38724 | G3: Underway | H3: 2026-05-24 16:41:43.203853 | I3: 10.68
A4: TEL-10002 | B4: MV Fleet_15 | C4: LNG Carrier | D4: 22.72 | E4: 9 | F4: 16440 | G4: Underway | H4: 2026-05-24 16:56:43.203853 | I4: 22.6
A5: TEL-10003 | B5: MV Fleet_11 | C5: Bulk Carrier | D5: 12.33 | E5: 2 | F5: 10180 | G5: Underway | H5: 2026-05-24 17:11:43.203853 | I5: 3.75
A6: TEL-10004 | B6: MV Fleet_08 | C6: Bulk Carrier | D6: 13.93 | E6: 4 | F6: 35284 | G6: Anchored | H6: 2026-05-24 17:26:43.203853 | I6: 10.79
A7: TEL-10005 | B7: MV Fleet_07 | C7: LNG Carrier | D7: 17.1 | E7: 6 | F7: 46375 | G7: Underway | H7: 2026-05-24 17:41:43.203853 | I7: 14
A8: TEL-10006 | B8: MV Fleet_19 | C8: Bulk Carrier | D8: 22.11 | E8: 3 | F8: 16646 | G8: Underway | H8: 2026-05-24 17:56:43.203853 | I8: 13.87
A9: TEL-10007 | B9: MV Fleet_11 | C9: LNG Carrier | D9: 23.07 | E9: 7 | F9: 24029 | G9: Underway | H9: 2026-05-24 18:11:43.203853 | I9: 18.42
A10: TEL-10008 | B10: MV Fleet_11 | C10: Container | D10: 19.83 | E10: 7 | F10: 25158 | G10: Underway | H10: 2026-05-24 18:26:43.203853 | I10: 19.53
A11: TEL-10009 | B11: MV Fleet_04 | C11: LNG Carrier | D11: 9.39 | E11: 5 | F11: 19342 | G11: Underway | H11: 2026-05-24 18:41:43.203853 | I11: 10.1
A12: TEL-10010 | B12: MV Fleet_08 | C12: Container | D12: 18.71 | E12: 3 | F12: 42781 | G12: Moored | H12: 2026-05-24 18:56:43.203853 | I12: 8.96
A13: TEL-10011 | B13: MV Fleet_03 | C13: Bulk Carrier | D13: 14.56 | E13: 2 | F13: 5084 | G13: Underway | H13: 2026-05-24 19:11:43.203853 | I13: 8.49
... A5001: TEL-14999 | B5001: MV Fleet_17 | C5001: Container | D5001: 12.59 | E5001: 1 | F5001: 45459 | G5001: Anchored | H5001: 2026-07-15 18:11:43.203853 | I5001: 3.54

Sheet 03_Analytics_Formulas
A1: Vessel Type | B1: Total Telemetry Logs | C1: Avg Speed (Knots) | D1: Avg Fuel Consumption (MT) | E1: Avg Beaufort Weather
A2: Container | B2: =COUNTIF(CleanedFleetData[vessel_type], A2) -> 1240 | C2: =AVERAGEIF(CleanedFleetData[vessel_type], A2, CleanedFleetData[speed_knots]) -> 15.875032 | D2: =AVERAGEIFS(CleanedFleetData[fuel_consumption_mt], CleanedFleetData[vessel_type], A2) -> 12.071758 | E2: =AVERAGEIF(CleanedFleetData[vessel_type], A2, CleanedFleetData[beaufort_scale]) -> 4.9346774
A3: Bulk Carrier | B3: =COUNTIF(CleanedFleetData[vessel_type], A3) -> 1300 | C3: =AVERAGEIF(CleanedFleetData[vessel_type], A3, CleanedFleetData[speed_knots]) -> 15.863992 | D3: =AVERAGEIFS(CleanedFleetData[fuel_consumption_mt], CleanedFleetData[vessel_type], A3) -> 11.937323 | E3: =AVERAGEIF(CleanedFleetData[vessel_type], A3, CleanedFleetData[beaufort_scale]) -> 4.8084615
A4: Tanker | B4: =COUNTIF(CleanedFleetData[vessel_type], A4) -> 1246 | C4: =AVERAGEIF(CleanedFleetData[vessel_type], A4, CleanedFleetData[speed_knots]) -> 15.782271 | D4: =AVERAGEIFS(CleanedFleetData[fuel_consumption_mt], CleanedFleetData[vessel_type], A4) -> 12.035353 | E4: =AVERAGEIF(CleanedFleetData[vessel_type], A4, CleanedFleetData[beaufort_scale]) -> 4.9711075
A5: LNG Carrier | B5: =COUNTIF(CleanedFleetData[vessel_type], A5) -> 1214 | C5: =AVERAGEIF(CleanedFleetData[vessel_type], A5, CleanedFleetData[speed_knots]) -> 16.186862 | D5: =AVERAGEIFS(CleanedFleetData[fuel_consumption_mt], CleanedFleetData[vessel_type], A5) -> 12.490988 | E5: =AVERAGEIF(CleanedFleetData[vessel_type], A5, CleanedFleetData[beaufort_scale]) -> 5.1227348
A8: Search Telemetry ID | B8: TEL-10000
A9: Vessel Name | B9: =IFERROR(INDEX(CleanedFleetData[vessel_name], MATCH(B8, CleanedFleetData[telemetry_id], 0)), "Enter Valid ID") -> MV Fleet_07
A10: Fuel Consumed (MT) | B10: =IFERROR(INDEX(CleanedFleetData[fuel_consumption_mt], MATCH(B8, CleanedFleetData[telemetry_id], 0)), 0) -> 7.6

Sheet 04_AI_Training_Data
A1: Prompt / User Query | B1: Calculated Insight | C1: Ground Truth AI Response
A2: What is the average fuel consumption for Container vessels? | B2: ='03_Analytics_Formulas'!D2 -> 12.071758 | C2: ="Based on telemetry analytics, Container vessels have an average fuel consumption of " & TEXT('03_Analytics_Formulas'!D2, "0,00") & " MT per report." -> Based on telemetry analytics, Container vessels have an average fuel consumption of 12,07 MT per report.
A3: How many total telemetry records exist for LNG Carriers in the dataset? | B3: ='03_Analytics_Formulas'!B5 -> 1214 | C3: ="There are " & '03_Analytics_Formulas'!B5 & " verified telemetry entries recorded for LNG Carriers in the telemetry log." -> There are 1214 verified telemetry entries recorded for LNG Carriers in the telemetry log.
A4: What is the average operating speed of Bulk Carriers? | B4: ='03_Analytics_Formulas'!C3 -> 15.863992 | C4: ="The average recorded speed for Bulk Carriers across all reported routes is " & TEXT('03_Analytics_Formulas'!C3, "0,00") & " knots." -> The average recorded speed for Bulk Carriers across all reported routes is 15,86 knots.

Sheet 05_Executive_Dashboard
A1: Maritime Fleet Telemetry Analytics Dashboard
A3: Row Labels | B3: Average of fuel_consumption_mt | G3: Row Labels | H3: Count of telemetry_id
A4: 1 | B4: 6.2833627 | G4: Bulk Carrier | H4: 1300
A5: 2 | B5: 7.7669449 | G5: Container | H5: 1240
A6: 3 | B6: 9.3107566 | G6: LNG Carrier | H6: 1214
A7: 4 | B7: 10.658983 | G7: Tanker | H7: 1246
A8: 5 | B8: 12.036952 | G8: Grand Total | H8: 5000
A9: 6 | B9: 13.659482
A10: 7 | B10: 15.144244
A11: 8 | B11: 16.735035
A12: 9 | B12: 18.127074
A13: Grand Total | B13: 12.129522
